{
  "swagger": "2.0",
  "info": {
    "title": "REPLACED_WITH_apimNameUpperCase",
    "version": "v1",
    "description": "Function App"
  },
  "host": "WillBeReplacedOnDeploy",
  "basePath": "/WillBeReplacedOnDeploy",
  "schemes": [
    "https"
  ],
  "securityDefinitions": {
    "apiKeyHeader": {
      "type": "apiKey",
      "name": "Ocp-Apim-Subscription-Key",
      "in": "header"
    },
    "apiKeyQuery": {
      "type": "apiKey",
      "name": "subscription-key",
      "in": "query"
    }
  },
  "security": [
    {
      "apiKeyHeader": []
    },
    {
      "apiKeyQuery": []
    }
  ],
  "x-servers": [
    {
      "url": "WillBeReplacedOnDeploy"
    },
    {
      "url": "WillBeReplacedOnDeploy"
    }
  ],
  "paths": {
    "REPLACED_WITH_FunctionPath": {
      "post": {
		"description": "Passthrough API"
        "operationId": "passthrough",
        "summary": "passthrough",
        "responses": {
          "200": {
            "description": "The Function App Response."
          }
        }
      }
    }
  },
  "tags": []
}