{
  "$schema": "https://schema.management.azure.com/schemas/2015-01-01/deploymentTemplate.json#",
  "contentVersion": "1.0.0.0",
  "parameters": {
    "service_REPLACED_WITH_APIM_INSTANCE_name": {
      "type": "string",
      "defaultValue": "REPLACED_WITH_APIM_INSTANCE"
    },
    "api_REPLACED_WITH_apimNameLowerCase_name": {
      "type": "string",
      "defaultValue": "REPLACED_WITH_apimNameLowerCase"
    },
    "REPLACED_WITH_apimNameLowerCase_apiRevision": {
      "type": "string",
      "defaultValue": "1"
    },
    "REPLACED_WITH_apimNameLowerCase_serviceUrl": {
      "type": "string"
    },
    "REPLACED_WITH_apimNameLowerCase_apiVersion": {
      "type": "string",
      "defaultValue": "v1"
    },
    "REPLACED_WITH_apimNameLowerCase_isCurrent": {
      "type": "bool",
      "defaultValue": true
    }
  },
  "variables": {},
  "resources": [
    {
      "comments": "Generated for resource /subscriptions/6c0c26ce-999b-4550-b46d-8084fc33f398/resourceGroups/apimgmt-spoke-dev-adp-rg/providers/Microsoft.ApiManagement/service/REPLACED_WITH_APIM_INSTANCE/apis/REPLACED_WITH_apimNameLowerCase",
      "type": "Microsoft.ApiManagement/service/apis",
      "name": "[concat(parameters('service_REPLACED_WITH_APIM_INSTANCE_name'), '/' ,parameters('api_REPLACED_WITH_apimNameLowerCase_name'))]",
      "apiVersion": "2019-01-01",
      "properties": {
        "displayName": "REPLACED_WITH_apimNameUpperCase",
        "apiRevision": "[parameters('REPLACED_WITH_apimNameLowerCase_apiRevision')]",
        "description": "Passthrough api",
        "subscriptionRequired": true,
        "serviceUrl": "[parameters('REPLACED_WITH_apimNameLowerCase_serviceUrl')]",
        "path": "REPLACED_WITH_API_PATH",
        "protocols": [
          "https"
        ],
        "authenticationSettings": {
          "oAuth2": null,
          "openid": null
        },
        "subscriptionKeyParameterNames": {
          "header": "Ocp-Apim-Subscription-Key",
          "query": "subscription-key"
        },
        "isCurrent": "[parameters('REPLACED_WITH_apimNameLowerCase_isCurrent')]",
        "apiVersion": "[parameters('REPLACED_WITH_apimNameLowerCase_apiVersion')]",
        "apiVersionSetId": "[resourceId('Microsoft.ApiManagement/service/apiVersionSets',parameters('service_REPLACED_WITH_APIM_INSTANCE_name'), 'REPLACED_WITH_versionsetGuid')]"
      },
      "resources": [],
      "dependsOn": []
    }
  ],
  "outputs": {}
}