{
  "$schema": "https://schema.management.azure.com/schemas/2015-01-01/deploymentTemplate.json#",
  "contentVersion": "1.0.0.0",
  "parameters": {
    "service_REPLACED_WITH_APIM_INSTANCE_name": {
      "type": "string",
      "defaultValue": "REPLACED_WITH_APIM_INSTANCE"
    },
    "api_REPLACED_WITH_apimNameLowerCase_name": {
      "type": "string",
      "defaultValue": "REPLACED_WITH_apimNameLowerCase"
    },
    "repoBaseUrl": {
      "type": "string",
      "metadata": {
        "description": "Base URL of the repository"
      }
    },
    "_artifactsLocationSasToken": {
      "type": "securestring",
      "defaultValue": ""
    },
    "REPLACED_WITH_apimNameLowerCase_apiRevision": {
      "type": "string",
      "defaultValue": "1"
    },
    "REPLACED_WITH_apimNameLowerCase_apiVersion": {
      "type": "string",
      "defaultValue": "v1"
    },
    "REPLACED_WITH_apimNameLowerCase_isCurrent": {
      "type": "bool",
      "defaultValue": true
    },
    "REPLACED_WITH_RESOURCE_NAME_PARTIAL_resourceGroup": {
      "type": "string",
      "defaultValue": "NordIntegration-dev-adp-rg"
    },
    "REPLACED_WITH_RESOURCE_NAME_PARTIAL_siteName": {
      "type": "string",
      "defaultValue": "REPLACED_WITH_RESOURCE_NAME_FULL"
    }
  },
  "variables": {},
  "resources": [
    {
      "apiVersion": "2017-05-10",
      "name": "api-REPLACED_WITH_apimNameUpperCaseSHORT.v1.swagger.template.json",
      "type": "Microsoft.Resources/deployments",
      "properties": {
        "mode": "Incremental",
        "templateLink": {
          "uri": "[concat(parameters('repoBaseUrl'), '/api-REPLACED_WITH_apimNameUpperCase/v1/api-REPLACED_WITH_apimNameUpperCase.v1.swagger.template.json', parameters('_artifactsLocationSasToken'))]",
          "contentVersion": "1.0.0.0"
        },
        "parameters": {
          "service_REPLACED_WITH_APIM_INSTANCE_name": {
            "value": "[parameters('service_REPLACED_WITH_APIM_INSTANCE_name')]"
          },
          "api_REPLACED_WITH_apimNameLowerCase_name": {
            "value": "[parameters('api_REPLACED_WITH_apimNameLowerCase_name')]"
          },
          "repoBaseUrl": {
            "value": "[parameters('repoBaseUrl')]"
          },
          "_artifactsLocationSasToken": {
            "value": "[parameters('_artifactsLocationSasToken')]"
          }
        }
      },
      "dependsOn": [
        "[resourceId('Microsoft.Resources/deployments', 'api-REPLACED_WITH_apimNameUpperCaseSHORT.version-set.template.json')]",
        "[resourceId('Microsoft.Resources/deployments', 'api-REPLACED_WITH_apimNameUpperCaseSHORT.v1.template.json')]"
      ]
    },
    {
      "apiVersion": "2017-05-10",
      "name": "api-REPLACED_WITH_apimNameUpperCaseSHORT.v1.template.json",
      "type": "Microsoft.Resources/deployments",
      "properties": {
        "mode": "Incremental",
        "templateLink": {
          "uri": "[concat(parameters('repoBaseUrl'), '/api-REPLACED_WITH_apimNameUpperCase/v1/api-REPLACED_WITH_apimNameUpperCase.v1.template.json', parameters('_artifactsLocationSasToken'))]",
          "contentVersion": "1.0.0.0"
        },
        "parameters": {
          "service_REPLACED_WITH_APIM_INSTANCE_name": {
            "value": "[parameters('service_REPLACED_WITH_APIM_INSTANCE_name')]"
          },
          "api_REPLACED_WITH_apimNameLowerCase_name": {
            "value": "[parameters('api_REPLACED_WITH_apimNameLowerCase_name')]"
          },
          "REPLACED_WITH_apimNameLowerCase_apiRevision": {
            "value": "[parameters('REPLACED_WITH_apimNameLowerCase_apiRevision')]"
          },
          "REPLACED_WITH_apimNameLowerCase_apiVersion": {
            "value": "[parameters('REPLACED_WITH_apimNameLowerCase_apiVersion')]"
          },
          "REPLACED_WITH_apimNameLowerCase_isCurrent": {
            "value": "[parameters('REPLACED_WITH_apimNameLowerCase_isCurrent')]"
          },
          "REPLACED_WITH_RESOURCE_NAME_PARTIAL_resourceGroup": {
            "value": "[parameters('REPLACED_WITH_RESOURCE_NAME_PARTIAL_resourceGroup')]"
          },
          "REPLACED_WITH_RESOURCE_NAME_PARTIAL_siteName": {
            "value": "[parameters('REPLACED_WITH_RESOURCE_NAME_PARTIAL_siteName')]"
          }
        }
      },
      "dependsOn": [
        "[resourceId('Microsoft.Resources/deployments', 'api-REPLACED_WITH_apimNameUpperCaseSHORT.version-set.template.json')]"
      ]
    },
    {
      "apiVersion": "2017-05-10",
      "name": "api-REPLACED_WITH_apimNameUpperCaseSHORT.version-set.template.json",
      "type": "Microsoft.Resources/deployments",
      "properties": {
        "mode": "Incremental",
        "templateLink": {
          "uri": "[concat(parameters('repoBaseUrl'), '/api-REPLACED_WITH_apimNameUpperCase/api-REPLACED_WITH_apimNameUpperCase.version-set.template.json', parameters('_artifactsLocationSasToken'))]",
          "contentVersion": "1.0.0.0"
        },
        "parameters": {
          "service_REPLACED_WITH_APIM_INSTANCE_name": {
            "value": "[parameters('service_REPLACED_WITH_APIM_INSTANCE_name')]"
          }
        }
      },
      "dependsOn": []
    }
  ],
  "outputs": {}
}