{
  "$schema": "https://schema.management.azure.com/schemas/2015-01-01/deploymentTemplate.json#",
  "contentVersion": "1.0.0.0",
  "parameters": {
    "service_adp-apimgmt-se-dev_name": {
      "type": "string",
      "defaultValue": "adp-apimgmt-se-dev"
    }
  },
  "variables": {},
  "resources": [
    {
      "comments": "Generated for resource /subscriptions/6c0c26ce-999b-4550-b46d-8084fc33f398/resourceGroups/apimgmt-spoke-dev-adp-rg/providers/Microsoft.ApiManagement/service/adp-apimgmt-se-dev/apiVersionSets/a6e1309a-d5fb-40e4-a044-480f4851d0e9",
      "type": "Microsoft.ApiManagement/service/apiVersionSets",
      "name": "[concat(parameters('service_adp-apimgmt-se-dev_name'), '/', 'a6e1309a-d5fb-40e4-a044-480f4851d0e9')]",
      "apiVersion": "2019-01-01",
      "properties": {
        "displayName": "INT-Common-MessageRouter-dev-fa_TEST",
        "description": null,
        "versioningScheme": "Segment",
        "versionQueryName": null,
        "versionHeaderName": null
      },
      "resources": [],
      "dependsOn": []
    }
  ],
  "outputs": {}
}