<policies>
  <inbound>
    <base />
    <set-method id="apim-generated-policy">POST</set-method>
    <rewrite-uri id="apim-generated-policy" template="/manual/paths/invoke/?api-version=2016-06-01&amp;sp=/triggers/manual/run&amp;sv=1.0&amp;sig={{REPLACED_WITH_apimNameLowerCase_manual-invoke_REPLACED_WITH_backendIdGuid}}" />
    <set-header id="apim-generated-policy" name="Ocp-Apim-Subscription-Key" exists-action="delete" />
	<set-query-parameter name="subscription-key" exists-action="delete" />
  </inbound>
  <backend>
    <base />
  </backend>
  <outbound>
        <base />
    </outbound>
  <on-error>
    <base />
  </on-error>
</policies>