{
  "$schema": "https://schema.management.azure.com/schemas/2015-01-01/deploymentTemplate.json#",
  "contentVersion": "1.0.0.0",
  "parameters": {
    "service_REPLACED_WITH_APIM_INSTANCE_name": {
      "type": "string",
      "defaultValue": "REPLACED_WITH_APIM_INSTANCE"
    },
    "api_REPLACED_WITH_apimNameLowerCase_name": {
      "type": "string",
      "defaultValue": "REPLACED_WITH_apimNameLowerCase"
    },
    "REPLACED_WITH_apimNameLowerCase_apiRevision": {
      "type": "string",
      "defaultValue": "1"
    },
    "REPLACED_WITH_apimNameLowerCase_serviceUrl": {
      "type": "string"
    },
    "REPLACED_WITH_apimNameLowerCase_apiVersion": {
      "type": "string",
      "defaultValue": "v1"
    },
    "REPLACED_WITH_apimNameLowerCase_isCurrent": {
      "type": "bool",
      "defaultValue": true
    },
    "LogicApp_REPLACED_WITH_LA_NAME_PARTIAL_resourceGroup": {
      "type": "string",
      "defaultValue": "REPLACED_WITH_LA_RG"
    },
    "LogicApp_REPLACED_WITH_LA_NAME_PARTIAL_logicAppName": {
      "type": "string",
      "defaultValue": "REPLACED_WITH_LA_NAME_FULL"
    }
  },
  "variables": {},
  "resources": [
    {
      "comments": "Generated for resource /subscriptions/6c0c26ce-999b-4550-b46d-8084fc33f398/resourceGroups/apimgmt-spoke-dev-adp-rg/providers/Microsoft.ApiManagement/service/REPLACED_WITH_APIM_INSTANCE/apis/REPLACED_WITH_apimNameLowerCase",
      "type": "Microsoft.ApiManagement/service/apis",
      "name": "[concat(parameters('service_REPLACED_WITH_APIM_INSTANCE_name'), '/' ,parameters('api_REPLACED_WITH_apimNameLowerCase_name'))]",
      "apiVersion": "2019-01-01",
      "properties": {
        "displayName": "REPLACED_WITH_apimNameUpperCase",
        "apiRevision": "[parameters('REPLACED_WITH_apimNameLowerCase_apiRevision')]",
        "description": "Azure Logic App.",
        "subscriptionRequired": true,
        "serviceUrl": "[parameters('REPLACED_WITH_apimNameLowerCase_serviceUrl')]",
        "path": "REPLACED_WITH_API_PATH",
        "protocols": [
          "https"
        ],
        "authenticationSettings": {
          "oAuth2": null,
          "openid": null
        },
        "subscriptionKeyParameterNames": {
          "header": "Ocp-Apim-Subscription-Key",
          "query": "subscription-key"
        },
        "isCurrent": "[parameters('REPLACED_WITH_apimNameLowerCase_isCurrent')]",
        "apiVersion": "[parameters('REPLACED_WITH_apimNameLowerCase_apiVersion')]",
        "apiVersionSetId": "[resourceId('Microsoft.ApiManagement/service/apiVersionSets',parameters('service_REPLACED_WITH_APIM_INSTANCE_name'), 'REPLACED_WITH_versionsetGuid')]"
      },
      "resources": [],
      "dependsOn": [
        "[resourceId('Microsoft.ApiManagement/service/properties',parameters('service_REPLACED_WITH_APIM_INSTANCE_name'), 'REPLACED_WITH_backendIdGuid')]"
      ]
    },
    {
      "comments": "Generated for resource /subscriptions/6c0c26ce-999b-4550-b46d-8084fc33f398/resourceGroups/apimgmt-spoke-dev-adp-rg/providers/Microsoft.ApiManagement/service/REPLACED_WITH_APIM_INSTANCE/backends/LogicApp_REPLACED_WITH_LA_NAME_PARTIAL_e057e5cfb6b98536c0a4e0ddaa44eb4e",
      "type": "Microsoft.ApiManagement/service/backends",
      "name": "[concat(parameters('service_REPLACED_WITH_APIM_INSTANCE_name'), '/' ,'LogicApp_REPLACED_WITH_LA_NAME_PARTIAL_e057e5cfb6b98536c0a4e0ddaa44eb4e')]",
      "apiVersion": "2019-01-01",
      "properties": {
        "title": null,
        "description": "REPLACED_WITH_apimNameUpperCase",
        "url": "[substring(listCallbackUrl(resourceId(parameters('LogicApp_REPLACED_WITH_LA_NAME_PARTIAL_resourceGroup'), 'Microsoft.Logic/workflows/triggers', parameters('LogicApp_REPLACED_WITH_LA_NAME_PARTIAL_logicAppName'), 'manual'), '2017-07-01').basePath,0,add(10,indexOf(listCallbackUrl(resourceId(parameters('LogicApp_REPLACED_WITH_LA_NAME_PARTIAL_resourceGroup'), 'Microsoft.Logic/workflows/triggers', parameters('LogicApp_REPLACED_WITH_LA_NAME_PARTIAL_logicAppName'), 'manual'), '2017-07-01').basePath,'/triggers/')))]",
        "protocol": "http",
        "resourceId": "[concat('https://management.azure.com/','subscriptions/',subscription().subscriptionId,'/resourceGroups/',parameters('LogicApp_REPLACED_WITH_LA_NAME_PARTIAL_resourceGroup'),'/providers/Microsoft.Logic/workflows/',parameters('LogicApp_REPLACED_WITH_LA_NAME_PARTIAL_logicAppName'))]"
      },
      "resources": [],
      "dependsOn": []
    },
    {
      "comments": "Generated for resource /subscriptions/6c0c26ce-999b-4550-b46d-8084fc33f398/resourceGroups/apimgmt-spoke-dev-adp-rg/providers/Microsoft.ApiManagement/service/REPLACED_WITH_APIM_INSTANCE/properties/REPLACED_WITH_backendIdGuid",
      "type": "Microsoft.ApiManagement/service/properties",
      "name": "[concat(parameters('service_REPLACED_WITH_APIM_INSTANCE_name'), '/', 'REPLACED_WITH_backendIdGuid')]",
      "apiVersion": "2019-01-01",
      "properties": {
        "displayName": "REPLACED_WITH_apimNameLowerCase_manual-invoke_REPLACED_WITH_backendIdGuid",
        "value": "[listCallbackUrl(resourceId(parameters('LogicApp_REPLACED_WITH_LA_NAME_PARTIAL_resourceGroup'), 'Microsoft.Logic/workflows/triggers', parameters('LogicApp_REPLACED_WITH_LA_NAME_PARTIAL_logicAppName'), 'manual'), '2017-07-01').queries.sig]",
        "tags": [],
        "secret": true
      },
      "resources": [],
      "dependsOn": []
    }
  ],
  "outputs": {}
}